{
    "epoch": 3.0,
    "eval_loss": 2.252955913543701,
    "eval_runtime": 40.7681,
    "eval_samples": 237,
    "eval_samples_per_second": 5.813,
    "eval_steps_per_second": 0.736,
    "perplexity": 9.515822253276113,
    "train_loss": 2.217910362174662,
    "train_runtime": 4294.2528,
    "train_samples": 2138,
    "train_samples_per_second": 1.494,
    "train_steps_per_second": 1.494
}